program,example_branch_cover_pct,notes
2DJacobiPoissonSolver,90.48,"2DJacobiPoissonSolver	90.48 | PYTEST_FAIL | F...F                                                                    [100%] | =========================== short test summary info =========================== | FAILED result/test_example.py::test_case_0 - TypeError: 'bool' object is not ... | FAILED result/test_example.py::test_case_4 - TypeError: only integer scalar a... | 2 failed, 3 passed in 1.65s | "
CG_general,13.43,CG_general	13.43 | PYTEST_FAIL | FFF                                                                      [100%] | =========================== short test summary info =========================== | FAILED result/test_example.py::test_case_0 - AttributeError: 'NoneType' objec... | FAILED result/test_example.py::test_case_1 - AttributeError: 'str' object has... | FAILED result/test_example.py::test_case_2 - AttributeError: 'str' object has... | 3 failed in 2.53s | 
EigenvalueSolvers,12.77,EigenvalueSolvers	12.77 | PYTEST_FAIL | F                                                                        [100%] | =========================== short test summary info =========================== | FAILED result/test_example.py::test_case_0 - AttributeError: 'int' object has... | 1 failed in 1.11s | 
euler_diffusion,100.00,euler_diffusion	100.00 | PYTEST_FAIL | FFF                                                                      [100%] | =========================== short test summary info =========================== | FAILED result/test_example.py::test_case_0 - TypeError: can't multiply sequen... | FAILED result/test_example.py::test_case_1 - TypeError: unsupported operand t... | FAILED result/test_example.py::test_case_2 - TypeError: object of type 'NoneT... | 3 failed in 1.10s | 
GaussianElimination1,30.00,GaussianElimination1	30.00 | PYTEST_FAIL | F                                                                        [100%] | =========================== short test summary info =========================== | FAILED result/test_example.py::test_case_0 - TypeError: object of type 'NoneT... | 1 failed in 1.05s | 
GaussianElimination2,27.27,GaussianElimination2	27.27 | PYTEST_FAIL | F                                                                        [100%] | =========================== short test summary info =========================== | FAILED result/test_example.py::test_case_0 - AttributeError: 'bool' object ha... | 1 failed in 1.45s | 
GaussianElimination3,23.08,GaussianElimination3	23.08 | PYTEST_FAIL | F                                                                        [100%] | =========================== short test summary info =========================== | FAILED result/test_example.py::test_case_0 - AttributeError: 'NoneType' objec... | 1 failed in 1.07s | 
integrator1,71.34,"integrator1	71.34 | PYTEST_FAIL | F.........FF......FFF.FF                                                 [100%] | =========================== short test summary info =========================== | FAILED result/test_example.py::test_case_0 - TypeError: can't multiply sequen... | FAILED result/test_example.py::test_case_10 - TypeError: object of type 'int'... | FAILED result/test_example.py::test_case_11 - TypeError: object of type 'bool... | FAILED result/test_example.py::test_case_18 - TypeError: 'bool' object is not... | FAILED result/test_example.py::test_case_19 - ZeroDivisionError: division by ... | FAILED result/test_example.py::test_case_20 - TypeError: 'float' object is no... | FAILED result/test_example.py::test_case_22 - TypeError: 'NoneType' object is... | FAILED result/test_example.py::test_case_23 - TypeError: '<=' not supported b... | 8 failed, 16 passed in 1.50s | "
integrator2,65.00,integrator2	65.00 | PYTEST_FAIL | FFF                                                                      [100%] | =========================== short test summary info =========================== | FAILED result/test_example.py::test_case_0 - ValueError: could not convert st... | FAILED result/test_example.py::test_case_1 - ZeroDivisionError: float divisio... | FAILED result/test_example.py::test_case_2 - TypeError: 'int' object is not c... | 3 failed in 1.05s | 
integrator3,21.74,integrator3	21.74 | PYTEST_FAIL | F                                                                        [100%] | =========================== short test summary info =========================== | FAILED result/test_example.py::test_case_0 - TypeError: unsupported operand t... | 1 failed in 0.79s | 
integrator4,40.00,integrator4	40.00 | PYTEST_FAIL | F                                                                        [100%] | =========================== short test summary info =========================== | FAILED result/test_example.py::test_case_0 - TypeError: 'bytes' object is not... | 1 failed in 0.79s | 
integrator5,100.00,"integrator5	100.00 | PYTEST_FAIL | FF.FF                                                                    [100%] | =========================== short test summary info =========================== | FAILED result/test_example.py::test_case_0 - TypeError: unsupported operand t... | FAILED result/test_example.py::test_case_1 - TypeError: unsupported operand t... | FAILED result/test_example.py::test_case_3 - TypeError: unsupported operand t... | FAILED result/test_example.py::test_case_4 - TypeError: unsupported operand t... | 4 failed, 1 passed in 1.24s | "
integrator6,13.04,"integrator6	13.04 | PYTEST_FAIL | F                                                                        [100%] | =========================== short test summary info =========================== | FAILED result/test_example.py::test_case_0 - TypeError: must be real number, ... | 1 failed in 0.80s | "
LeastSquareFitting1,75.00,LeastSquareFitting1	75.00 | PYTEST_FAIL | F                                                                        [100%] | =========================== short test summary info =========================== | FAILED result/test_example.py::test_case_0 - AttributeError: 'bytes' object h... | 1 failed in 1.40s | 
LeastSquareFitting2,50.00,LeastSquareFitting2	50.00 | PYTEST_FAIL | F                                                                        [100%] | =========================== short test summary info =========================== | FAILED result/test_example.py::test_case_0 - ValueError: expected a 2-D array | 1 failed in 1.45s | 
LeastSquareFitting3,44.44,LeastSquareFitting3	44.44 | PYTEST_FAIL | F                                                                        [100%] | =========================== short test summary info =========================== | FAILED result/test_example.py::test_case_0 - numpy.linalg.LinAlgError: 0-dime... | 1 failed in 1.06s | 
Linear_equation1,89.29,"Linear_equation1	89.29 | PYTEST_FAIL | FF..F                                                                    [100%] | ============================== warnings summary =============================== | result/test_example.py::test_case_3 |   <ARTIFACT_ROOT>\scientific_calculation_pynguin\Linear_equation1\example.py:16: RuntimeWarning: invalid value encountered in scalar divide |     b[k] = (b[k] - dot(A[k, (k + 1):n], b[(k + 1):n])) / A[k, k]  # 20 |  | -- Docs: https://docs.pytest.org/en/stable/how-to/capture-warnings.html | =========================== short test summary info =========================== | FAILED result/test_example.py::test_case_0 - TypeError: len() of unsized object | FAILED result/test_example.py::test_case_1 - IndexError: too many indices for... | FAILED result/test_example.py::test_case_4 - TypeError: unsupported operand t... | 3 failed, 2 passed, 1 warning in 1.07s | "
Linear_equation2,100.00,"Linear_equation2	100.00 | PYTEST_FAIL | FF..FF                                                                   [100%] | ============================== warnings summary =============================== | result/test_example.py::test_case_4 | result/test_example.py::test_case_5 |   <ARTIFACT_ROOT>\scientific_calculation_pynguin\Linear_equation2\example.py:18: RuntimeWarning: invalid value encountered in scalar divide |     L[i, k] = (A[i, k] - s) / U[k, k]  # 39 |  | -- Docs: https://docs.pytest.org/en/stable/how-to/capture-warnings.html | =========================== short test summary info =========================== | FAILED result/test_example.py::test_case_0 - IndexError: too many indices for... | FAILED result/test_example.py::test_case_1 - TypeError: len() of unsized object | FAILED result/test_example.py::test_case_4 - IndexError: too many indices for... | FAILED result/test_example.py::test_case_5 - TypeError: object() takes no arg... | 4 failed, 2 passed, 2 warnings in 1.57s | "
Linear_equation3,15.87,Linear_equation3	15.87 | PYTEST_FAIL | F                                                                        [100%] | =========================== short test summary info =========================== | FAILED result/test_example.py::test_case_0 - numpy.linalg.LinAlgError: 0-dime... | 1 failed in 1.05s | 
Linear_equation4,89.29,Linear_equation4	89.29 | PYTEST_FAIL | FFF                                                                      [100%] | =========================== short test summary info =========================== | FAILED result/test_example.py::test_case_0 - TypeError: list indices must be ... | FAILED result/test_example.py::test_case_1 - AttributeError: 'list' object ha... | FAILED result/test_example.py::test_case_2 - TypeError: 'bool' object is not ... | 3 failed in 1.47s | 
Linear_equation5,33.33,Linear_equation5	33.33 | OK
Linear_equation6,18.18,Linear_equation6	18.18 | OK
LUDecompositionSolver,17.02,LUDecompositionSolver	17.02 | PYTEST_FAIL |  | =========================== short test summary info =========================== | ERROR result/test_example.py | !!!!!!!!!!!!!!!!!!! Interrupted: 1 error during collection !!!!!!!!!!!!!!!!!!!! | 1 error in 2.25s | 
MatrixExponential1,42.86,MatrixExponential1	42.86 | OK
MatrixExponential2,30.77,MatrixExponential2	30.77 | OK
MatrixExponential3,31.25,MatrixExponential3	31.25 | OK
qr_decomposition,100.00,qr_decomposition	100.00 | OK
Runge_Kutta,100.00,Runge_Kutta	100.00 | OK
solve_equation1,21.05,solve_equation1	21.05 | OK
solve_equation2,20.00,solve_equation2	20.00 | OK
SparseFiniteDifferenceSolver,59.73,SparseFiniteDifferenceSolver	59.73 | OK
Trapezoidal Rule,19.44,Trapezoidal Rule	19.44 | OK
VectorCalculator1,91.67,VectorCalculator1	91.67 | OK
VectorCalculator2,100.00,VectorCalculator2	100.00 | OK
VectorCalculator3,100.00,VectorCalculator3	100.00 | OK
VectorCalculator4,55.00,VectorCalculator4	55.00 | OK
