program,target_module,coverage,branch_coverage,line_coverage,parsed_statements,parsable_statements,uninterp_statements,llm_calls,llm_query_time,llm_stage_saved_tests,accessible_objects_under_test,code_objects
2DJacobiPoissonSolver,example,0.6636363636363636,0.7272727272727273,0.6,27,54,0,27,106.12266230583191,4,1,2
AlgoExtra_arithmetic_is_arithmetic_series_047,example,0.9467787114845938,0.9411764705882353,0.9523809523809523,35,35,0,7,154.026465177536,,2,3
AlgoExtra_bailey_borwein_plouffe_bailey_borwein_plouffe_056,example,1.0,1.0,1.0,0,0,0,,,,1,3
AlgoExtra_basic_maths_number_of_divisors_046,example,1.0,1.0,1.0,0,0,0,,,,4,5
AlgoExtra_basic_maths_prime_factors_048,example,1.0,1.0,1.0,0,0,0,,,,4,5
AlgoExtra_basic_maths_sum_of_divisors_026,example,1.0,1.0,1.0,0,0,0,,,,4,5
AlgoExtra_binomial_coefficient_binomial_coefficient_034,example,0.8948717948717949,0.8666666666666667,0.9230769230769231,0,0,0,,,,1,3
AlgoExtra_binomial_distribution_binomial_distribution_028,example,0.8976190476190476,0.8666666666666667,0.9285714285714286,82,82,20,18,115.97653841972351,44,1,2
AlgoExtra_bisection_bisection_023,example,0.2215909090909091,0.125,0.3181818181818182,13,21,0,11,161.6765742301941,2,2,3
AlgoExtra_bisection_interval_replacement,example,0.930952380952381,0.9333333333333333,0.9285714285714286,54,54,0,11,111.08547258377075,1,1,2
AlgoExtra_casimir_effect_casimir_force_012,example,0.9481481481481482,0.9333333333333333,0.9629629629629629,48,48,18,18,102.66599893569946,,1,2
AlgoExtra_count_negative_numbers_in_sorted_matrix_find_negative_index_021,example,0.9540051679586563,0.9302325581395349,0.9777777777777777,0,0,0,,,,7,12
AlgoExtra_cramers_rule_2x2_cramers_rule_2x2_031,example,0.9084668192219679,0.8695652173913043,0.9473684210526315,40,40,0,12,191.62646579742432,31,1,2
AlgoExtra_entropy_calculate_prob_032,example,1.0,1.0,1.0,0,0,0,,,,3,4
AlgoExtra_eulers_totient_totient_044,example,0.9666666666666667,0.9333333333333333,1.0,0,0,0,,,,1,4
AlgoExtra_extended_euclidean_algorithm_extended_euclidean_algorithm_035,example,0.844047619047619,0.8666666666666667,0.8214285714285714,0,4,0,7,118.58717679977417,1,2,3
AlgoExtra_factors_factors_of_a_number_049,example,1.0,1.0,1.0,0,0,0,,,,1,2
AlgoExtra_find_min_find_min_recursive_038,example,1.0,1.0,1.0,0,0,0,,,,2,3
AlgoExtra_gamma_gamma_recursive_036,example,1.0,1.0,1.0,0,0,0,,,,3,4
AlgoExtra_gaussian_elimination_pivoting_solve_linear_system_006,example,0.12246963562753037,0.05263157894736842,0.19230769230769232,60,66,0,13,110.33860182762146,1,1,2
AlgoExtra_geometric_is_geometric_series_024,example,1.0,1.0,1.0,0,0,0,,,,2,3
AlgoExtra_geometric_mean_compute_geometric_mean_014,example,0.9666666666666667,0.9333333333333333,1.0,32,48,0,16,113.30521988868713,1,1,2
AlgoExtra_hamming_numbers_hamming_041,example,0.8947368421052632,0.7894736842105263,1.0,0,0,0,,,,1,2
AlgoExtra_hardy_ramanujanalgo_exact_prime_factor_count_027,example,0.9473684210526316,0.8947368421052632,1.0,0,0,0,,,,1,2
AlgoExtra_harmonic_is_harmonic_series_010,example,1.0,1.0,1.0,0,0,0,,,,2,3
AlgoExtra_harshad_numbers_int_to_base_039,example,1.0,1.0,1.0,30,30,0,10,85.61751890182495,23,4,7
AlgoExtra_horizontal_projectile_motion_check_args_051,example,0.925,0.85,1.0,30,45,0,18,108.19817852973938,,5,6
AlgoExtra_integer_square_root_integer_square_root_018,example,0.9666666666666667,0.9333333333333333,1.0,16,16,0,16,113.89089345932007,,1,2
AlgoExtra_is_ip_v4_address_valid_is_ip_v4_address_valid_033,example,0.8846153846153846,0.8461538461538461,0.9230769230769231,4,4,0,15,109.6048686504364,25,1,2
AlgoExtra_jaccard_similarity_jaccard_similarity_016,example,1.0,1.0,1.0,0,0,0,,,,1,4
AlgoExtra_lu_decomposition_lower_upper_decomposition_030,example,0.13636363636363635,0.09090909090909091,0.18181818181818182,50,55,0,15,108.94679117202759,,1,2
AlgoExtra_matrix_bandwidth_replacement,example,0.98,0.96,1.0,117,117,0,18,113.97623038291931,47,1,2
AlgoExtra_matrix_based_game_find_repeat_045,example,0.8990990990990991,0.8648648648648649,0.9333333333333333,51,51,0,12,104.51336669921875,24,10,15
AlgoExtra_matrix_based_game_move_y_029,example,0.7100600600600601,0.6756756756756757,0.7444444444444445,36,36,0,10,110.0795385837555,17,10,15
AlgoExtra_matrix_equalization_array_equalization_040,example,0.8952991452991452,0.8461538461538461,0.9444444444444444,16,16,0,16,136.82239317893982,2,1,2
AlgoExtra_matrix_multiplication_recursion_matrix_multiply_recursive_017,example,1.0,1.0,1.0,0,0,0,,,,3,10
AlgoExtra_newton_raphson_newton_raphson_055,example,0.5926573426573426,0.45454545454545453,0.7307692307692307,16,30,4,14,113.9815685749054,3,2,4
AlgoExtra_newtons_law_of_gravitation_gravitational_law_007,example,0.5694736842105264,0.5789473684210527,0.56,55,55,0,18,107.6316249370575,14,1,2
AlgoExtra_pascal_triangle_generate_pascal_triangle_optimized_057,example,0.9142857142857143,0.8857142857142857,0.9428571428571428,0,0,0,,,,6,9
AlgoExtra_perfect_cube_perfect_cube_binary_search_043,example,0.9642857142857143,0.9285714285714286,1.0,32,32,0,16,105.32547044754028,,2,3
AlgoExtra_pi_generator_calculate_pi_054,example,0.9297619047619048,0.9166666666666666,0.9428571428571428,26,29,0,20,105.98030281066895,24,2,3
AlgoExtra_pollard_rho_pollard_rho_011,example,1.0,1.0,1.0,20,20,0,10,63.144673109054565,,1,3
AlgoExtra_polynomial_degree_replacement,example,1.0,1.0,1.0,0,0,0,,,,1,2
AlgoExtra_power_iteration_power_iteration_015,example,0.8636363636363636,0.7272727272727273,1.0,7,7,0,17,107.43067073822021,,2,3
AlgoExtra_prime_gap_classifier_replacement,example,1.0,1.0,1.0,21,21,0,10,74.3892080783844,14,1,2
AlgoExtra_proth_number_proth_019,example,0.9302059496567505,0.9130434782608695,0.9473684210526315,0,0,0,,,,2,3
AlgoExtra_segmented_sieve_sieve_003,example,0.9444444444444444,0.8888888888888888,1.0,0,0,0,,,,1,2
AlgoExtra_shear_stress_shear_stress_022,example,0.8901098901098901,0.9230769230769231,0.8571428571428571,20,20,0,20,104.24862432479858,14,1,2
AlgoExtra_sieve_of_eratosthenes_prime_sieve_013,example,1.0,1.0,1.0,0,0,0,,,,1,2
AlgoExtra_simultaneous_linear_equation_solver_simplify_008,example,0.9708557255064076,0.9661016949152542,0.975609756097561,30,30,0,15,108.92415356636047,26,2,6
AlgoExtra_simultaneous_linear_equation_solver_solve_simultaneous_001,example,0.9393344357172385,0.9152542372881356,0.9634146341463414,100,100,0,17,114.21225380897522,17,2,6
AlgoExtra_solovay_strassen_primality_test_jacobi_symbol_020,example,0.9655172413793104,0.9655172413793104,0.9655172413793104,0,0,0,,,,2,3
AlgoExtra_solovay_strassen_primality_test_solovay_strassen_042,example,1.0,1.0,1.0,0,0,0,,,,2,3
AlgoExtra_three_sum_three_sum_005,example,0.9516129032258065,0.9032258064516129,1.0,184,184,14,20,112.71606636047363,51,1,2
AlgoExtra_triplet_sum_triplet_sum2_050,example,0.9467787114845938,0.9523809523809523,0.9411764705882353,24,24,0,16,119.5154037475586,12,4,6
AlgoExtra_vector_projection_replacement,example,1.0,1.0,1.0,0,0,0,,,,1,2
AlgoExtra_weierstrass_method_weierstrass_method_053,example,0.95,1.0,0.9,18,30,3,9,75.87851285934448,,1,4
AlgoExtra_weird_number_semi_perfect_025,example,1.0,1.0,1.0,0,0,0,,,,4,7
CG_general,example,0.19808743169398907,0.16666666666666666,0.22950819672131148,56,129,0,20,93.2706081867218,3,3,8
CodaCover_ansible_mathstuff,example,0.8653007846556233,0.8387096774193549,0.8918918918918919,93,101,0,25,113.26182818412781,4,3,4
CodaCover_ansible_stats,example,0.6095334685598377,0.5294117647058824,0.6896551724137931,5,5,0,16,114.17713689804077,2,3,5
CodaCover_flutes_math,example,1.0,1.0,1.0,0,0,0,,,,2,3
CodaCover_keras_activations,example,0.8833333333333333,0.8666666666666667,0.9,130,148,0,15,117.53970146179199,6,2,3
CodaCover_keras_losses,example,1.0,1.0,1.0,33,34,0,10,100.10363864898682,14,2,3
CodaCover_matplotlib_bezier,example,0.41666666666666663,0.3333333333333333,0.5,119,126,0,22,114.3285162448883,13,2,3
CodaCover_matplotlib_colors,example,1.0,1.0,1.0,32,34,0,20,104.58806657791138,2,2,3
CodaCover_matplotlib_scale,example,0.943939393939394,0.9333333333333333,0.9545454545454546,46,50,0,19,118.83764886856079,8,2,3
CodaCover_matplotlib_ticker,example,0.9761904761904762,0.9523809523809523,1.0,12,12,0,17,126.9034206867218,17,2,3
CodaCover_matplotlib_transform,example,0.6933333333333334,0.6666666666666666,0.72,47,49,0,14,112.79244112968445,22,2,3
CodaCover_matplotlib_triangles,example,0.8011363636363636,0.7272727272727273,0.875,133,173,0,21,121.41794896125793,26,2,3
CodaCover_mimesis_random,example,0.9576719576719577,0.9523809523809523,0.9629629629629629,0,6,0,19,117.64494848251343,1,2,3
CodaCover_pandas_algorithms,example,0.964375,0.96,0.96875,97,97,0,20,117.50015926361084,2,2,5
CodaCover_pandas_interval,example,0.796474358974359,0.717948717948718,0.875,43,43,0,14,106.1649227142334,2,2,3
CodaCover_pandas_nanops,example,0.9428571428571428,0.9333333333333333,0.9523809523809523,30,76,0,14,116.54097056388855,3,2,3
CodaCover_pandas_numeric_array,example,0.9736842105263157,0.9473684210526315,1.0,35,48,0,14,113.99502229690552,1,2,3
CodaCover_pandas_tile,example,1.0,1.0,1.0,12,12,0,10,53.85984826087952,1,2,3
CodaCover_pypara_numbers,example,1.0,1.0,1.0,0,0,0,,,,3,4
CodaCover_scipy_sparse_shape,example,0.8156682027649769,0.7741935483870968,0.8571428571428571,15,15,0,18,114.65779066085815,16,2,4
CodaCover_scipy_stats_basic,example,0.9782608695652174,0.9565217391304348,1.0,67,71,0,16,115.46002626419067,24,2,4
CodaExtra_activation_branch,example,0.842948717948718,0.7692307692307693,0.9166666666666666,27,27,0,16,116.03003287315369,2,1,2
CodaExtra_bezier_flatness,example,0.8831168831168831,0.8571428571428571,0.9090909090909091,68,68,0,15,139.26456212997437,1,1,2
CodaExtra_color_scale_numeric,example,1.0,1.0,1.0,39,39,0,10,94.07232618331909,2,1,2
CodaExtra_interval_overlap,example,1.0,1.0,1.0,29,29,0,10,59.25569796562195,17,1,2
CodaExtra_nan_policy,example,0.8496376811594203,0.782608695652174,0.9166666666666666,18,50,0,22,114.72908020019531,2,1,4
CodaExtra_numeric_tile,example,0.9666666666666667,0.9333333333333333,1.0,48,48,0,21,116.49398469924927,27,1,3
CodaExtra_random_choice_weight,example,1.0,1.0,1.0,32,33,0,10,86.43161177635193,1,1,2
CodaExtra_tick_locator,example,1.0,1.0,1.0,0,0,0,,,,1,2
EigenvalueSolvers,example,0.31585081585081587,0.2727272727272727,0.358974358974359,136,156,0,20,71.29374504089355,,4,5
euler_diffusion,example,1.0,1.0,1.0,0,0,0,,,,1,2
FiPy_boundary_conditions,example,0.6180124223602484,0.5217391304347826,0.7142857142857143,4,5,0,13,110.24476337432861,,2,3
FiPy_cahn_hilliard_potential,example,1.0,1.0,1.0,0,0,0,,,,2,3
FiPy_chemotaxis_update,example,0.8090909090909091,0.8,0.8181818181818182,62,76,0,17,108.64551401138306,,2,3
FiPy_convection_upwind,example,1.0,1.0,1.0,0,0,0,,,,2,3
FiPy_diffusion_steady_state,example,0.8976982097186701,0.8823529411764706,0.9130434782608695,24,24,0,13,113.21028900146484,17,2,3
FiPy_level_set_distance,example,0.8603896103896104,0.8571428571428571,0.8636363636363636,36,42,0,20,119.1255886554718,1,3,4
FiPy_mesh_spacing,example,1.0,1.0,1.0,36,36,0,10,74.15925526618958,24,2,3
FiPy_phase_anisotropy,example,1.0,1.0,1.0,24,76,0,10,82.29211163520813,,2,3
FiPy_residual_norm,example,0.9388888888888889,0.9333333333333333,0.9444444444444444,76,76,0,17,113.014963388443,,2,3
FiPy_source_term_balance,example,1.0,1.0,1.0,0,0,0,,,,2,3
FiPyExtra_boundary_mask,example,0.9705882352941176,0.9411764705882353,1.0,36,36,0,14,104.80709409713745,,1,2
FiPyExtra_coefficient_shape,example,0.9027777777777777,0.8888888888888888,0.9166666666666666,75,116,0,21,114.36618328094482,2,1,2
FiPyExtra_diffusion_tensor,example,0.5419580419580419,0.5454545454545454,0.5384615384615384,30,30,0,16,117.8868956565857,4,1,2
FiPyExtra_face_gradient,example,0.6818181818181819,0.6363636363636364,0.7272727272727273,14,14,0,13,119.56984257698059,2,1,2
FiPyExtra_mesh_spacing_quality,example,1.0,1.0,1.0,20,20,0,10,58.94461131095886,1,1,3
FiPyExtra_source_balance,example,1.0,1.0,1.0,53,53,0,20,111.50344705581665,11,1,2
FiPyExtra_term_underrelax,example,0.6904761904761905,0.7142857142857143,0.6666666666666666,80,80,0,20,119.72990655899048,2,1,2
FiPyExtra_variable_constraint,example,1.0,1.0,1.0,0,0,0,,,,1,2
GaussianElimination1,example,0.47916666666666663,0.3333333333333333,0.625,234,258,0,24,109.18667793273926,,1,2
GaussianElimination2,example,0.3142857142857143,0.2,0.42857142857142855,208,227,0,19,104.72122168540955,,1,2
GaussianElimination3,example,0.2222222222222222,0.1111111111111111,0.3333333333333333,273,291,0,18,110.02789330482483,,1,3
integrator1,example,0.571969696969697,0.5227272727272727,0.6212121212121212,0,0,0,,,,20,21
integrator3,example,0.41666666666666663,0.3333333333333333,0.5,9,18,0,17,116.53816747665405,1,1,2
integrator4,example,0.41666666666666663,0.3333333333333333,0.5,32,56,0,23,114.43009448051453,1,1,2
integrator6,example,0.12333333333333332,0.08,0.16666666666666666,282,376,0,94,391.3033220767975,11,1,2
LeastSquareFitting1,example,0.875,1.0,0.75,0,70,0,70,445.54498863220215,1,1,2
LeastSquareFitting2,example,0.9166666666666667,1.0,0.8333333333333334,465,504,0,77,396.96524834632874,1,1,2
LeastSquareFitting3,example,0.7777777777777778,1.0,0.5555555555555556,453,507,0,60,301.27173471450806,,1,2
Linear_equation1,example,1.0,1.0,1.0,700,700,0,70,336.80919575691223,,1,2
Linear_equation2,example,1.0,1.0,1.0,514,514,0,50,406.58570671081543,1,1,2
Linear_equation3,example,0.8981972428419936,0.8695652173913043,0.926829268292683,414,453,0,70,411.0582160949707,1,2,3
Linear_equation4,example,0.8590909090909091,0.8181818181818182,0.9,567,630,0,63,361.3237352371216,,1,2
Linear_equation5,example,0.4926739926739927,0.46153846153846156,0.5238095238095238,511,565,0,60,439.32159304618835,1,2,3
Linear_equation6,example,0.20056899004267426,0.15789473684210525,0.24324324324324326,548,604,0,60,268.26220631599426,1,2,3
LUDecompositionSolver,example,1.0,1.0,1.0,567,627,0,60,330.0281255245209,2,4,5
MatrixExponential1,example,0.5,0.5,0.5,304,364,0,60,243.67382049560547,,2,3
MatrixExponential2,example,0.3484848484848485,0.3333333333333333,0.36363636363636365,360,420,0,60,259.160195350647,,1,2
MatrixExponential3,example,0.34523809523809523,0.3333333333333333,0.35714285714285715,372,432,0,60,249.15583443641663,,1,2
NumericalExtra_4th_order_runge_kutta_runge_method_010,example,1.0,1.0,1.0,57,61,0,10,51.627147912979126,17,1,2
NumericalExtra_bisection_bisection_003,example,0.9212121212121211,0.9090909090909091,0.9333333333333333,60,60,0,10,48.923731088638306,19,1,2
NumericalExtra_Gram_Schmidt_QR_gram_schmidt_factorization_006,example,0.94,1.0,0.88,126,132,0,20,100.96109509468079,,2,3
NumericalExtra_guass_seidel_gauss_seidel_002,example,1.0,1.0,1.0,102,102,0,10,100.41966724395752,10,1,2
NumericalExtra_householder_qr_decomposition_householder_qr_decomposition_009,example,0.9464285714285714,1.0,0.8928571428571429,214,223,0,27,112.36385345458984,1,2,4
NumericalExtra_jacobi_jacobi_005,example,0.7619047619047619,0.8571428571428571,0.6666666666666666,264,283,0,20,102.60280203819275,,1,2
NumericalExtra_lagrange_interpolation_lagrange_interpolation_008,example,1.0,1.0,1.0,0,0,0,,,,3,4
NumericalExtra_newton_divided_difference_divided_diff_004,example,0.9070175438596491,0.8666666666666667,0.9473684210526315,100,100,0,21,108.07029724121094,1,2,5
NumericalExtra_quadrature_error_replacement,example,1.0,1.0,1.0,20,20,0,10,39.32482600212097,1,1,2
NumericalExtra_secant_step_replacement,example,1.0,1.0,1.0,49,57,0,20,84.36997723579407,17,1,2
NumPy_arraysetops_unique,example,0.873015873015873,0.8571428571428571,0.8888888888888888,25,31,0,18,121.34293341636658,3,2,3
NumPy_arrayterator_slice,example,1.0,1.0,1.0,28,28,0,20,108.06979250907898,2,2,3
NumPy_histogram_edges,example,0.9323809523809523,0.9047619047619048,0.96,91,91,0,19,115.76965475082397,9,2,3
NumPy_iotools_converter,example,0.9814814814814814,0.9629629629629629,1.0,38,38,0,19,114.03249144554138,1,2,4
NumPy_masked_mean_var,example,0.9377289377289377,0.9230769230769231,0.9523809523809523,72,72,0,19,116.26993656158447,1,2,3
NumPy_nanfunctions_remove,example,1.0,1.0,1.0,0,0,0,,,,2,3
NumPy_pad_pairs,example,0.7558333333333334,0.72,0.7916666666666666,22,22,0,26,115.26443433761597,9,2,6
NumPy_polynomial_format,example,0.9761904761904762,0.9523809523809523,1.0,44,44,0,19,126.9822826385498,1,2,3
NumPy_quantile_validate,example,1.0,1.0,1.0,50,50,0,10,49.70144963264465,1,2,3
NumPy_twodim_diag,example,0.8685770750988142,0.782608695652174,0.9545454545454546,0,0,0,,,,2,3
NumPy_version_compare,example,1.0,1.0,1.0,0,0,0,,,,2,3
ODEPDEExtra_adaptive_time_step,example,0.6164772727272727,0.5454545454545454,0.6875,10,18,0,20,108.6932806968689,10,2,3
ODEPDEExtra_burgers_shock_flux,example,0.8485714285714285,0.84,0.8571428571428571,39,42,2,20,125.17969059944153,2,2,3
ODEPDEExtra_cfl_multiphysics,example,0.7237386269644335,0.6410256410256411,0.8064516129032258,20,21,0,17,98.62294435501099,22,2,3
ODEPDEExtra_elliptic_boundary_class,example,0.4423280423280423,0.37037037037037035,0.5142857142857142,12,17,0,13,108.08998370170593,24,2,3
ODEPDEExtra_heat_boundary_update,example,0.33630952380952384,0.38095238095238093,0.2916666666666667,42,49,0,20,120.19033169746399,2,1,2
ODEPDEExtra_poisson_residual_norm,example,0.24812030075187969,0.21052631578947367,0.2857142857142857,85,97,0,20,99.15418195724487,,1,2
ODEPDEExtra_reaction_diffusion_regime,example,0.9372549019607843,0.9411764705882353,0.9333333333333333,38,38,0,24,124.5355236530304,13,1,2
ODEPDEExtra_runge_kutta_event,example,0.24871794871794872,0.23076923076923078,0.26666666666666666,0,4,0,15,116.57152104377747,3,1,2
PDEBench_advection_step,example,0.5934065934065934,0.5714285714285714,0.6153846153846154,40,48,0,21,102.56073379516602,,2,3
PDEBench_boundary_selector,example,0.6743697478991597,0.7058823529411765,0.6428571428571429,86,100,0,21,112.93133187294006,2,2,3
PDEBench_burgers_flux,example,1.0,1.0,1.0,0,0,0,,,,3,4
PDEBench_diffusion_step,example,0.9322222222222223,0.9444444444444444,0.92,16,20,0,19,103.80484628677368,,2,3
PDEBench_reaction_diffusion_update,example,0.7333333333333334,0.8,0.6666666666666666,16,20,0,13,112.3636531829834,,2,3
PDEBench_residual_error,example,0.5134680134680134,0.5454545454545454,0.48148148148148145,36,42,0,15,118.68873524665833,,2,3
PDEExtra_advection_limiter,example,0.4977116704805492,0.47368421052631576,0.5217391304347826,0,0,0,9,118.65530014038086,,2,3
PDEExtra_boundary_stencil,example,0.8506944444444444,0.8888888888888888,0.8125,25,28,0,11,116.16811895370483,,1,2
PDEExtra_cfl_classifier,example,0.8590225563909775,0.7894736842105263,0.9285714285714286,15,15,0,16,142.13500595092773,1,1,2
PDEExtra_grid_refine,example,1.0,1.0,1.0,62,62,0,15,113.440833568573,1,1,2
PDEExtra_poisson_relax,example,0.36813186813186816,0.3076923076923077,0.42857142857142855,48,56,0,16,117.0909059047699,,1,2
PDEExtra_reaction_source,example,1.0,1.0,1.0,0,0,0,,,,1,2
PDEExtra_residual_stop,example,1.0,1.0,1.0,0,0,0,,,,1,3
PDEExtra_shock_sensor,example,1.0,1.0,1.0,0,0,0,,,,1,2
qr_decomposition,example,1.0,1.0,1.0,0,0,0,,,,4,5
Runge_Kutta,example,1.0,1.0,1.0,0,0,0,,,,2,3
SciPy_binned_statistic_edges,example,0.8492647058823529,0.8235294117647058,0.875,16,16,0,14,126.80671644210815,14,2,3
SciPy_chandrupatla_validate,example,1.0,1.0,1.0,46,48,0,10,98.69489216804504,1,2,3
SciPy_continued_fraction,example,0.9148550724637681,0.9130434782608695,0.9166666666666666,20,20,0,14,114.72471880912781,,2,3
SciPy_cubic_boundary,example,0.7767857142857142,0.7619047619047619,0.7916666666666666,28,28,0,21,106.71619772911072,13,2,3
SciPy_finite_difference_derivative,example,1.0,1.0,1.0,0,0,0,,,,2,3
SciPy_group_columns_sparse,example,1.0,1.0,1.0,68,68,0,10,59.646734952926636,5,2,5
SciPy_huber_loss,example,1.0,1.0,1.0,0,0,0,,,,2,3
SciPy_linalg_toeplitz_validate,example,0.945906432748538,0.9473684210526315,0.9444444444444444,28,28,0,24,107.03406715393066,,2,3
SciPy_optimize_bounds,example,1.0,1.0,1.0,14,15,0,10,72.58701682090759,9,2,3
SciPy_signal_chirp_phase,example,0.6871657754010696,0.6470588235294118,0.7272727272727273,72,76,0,22,114.99347257614136,4,2,3
SciPy_sparse_norm,example,0.9478609625668449,0.9411764705882353,0.9545454545454546,16,16,0,11,116.00797271728516,1,2,3
SciPy_wilcoxon_rank,example,0.9106060606060606,0.8666666666666667,0.9545454545454546,56,59,0,13,124.50498700141907,19,2,3
SfePy_axisymmetric_stress,example,0.7861990950226244,0.7647058823529411,0.8076923076923077,9,10,0,16,140.3034975528717,1,2,3
SfePy_boundary_region_selector,example,0.5742296918767507,0.5294117647058824,0.6190476190476191,36,39,0,19,109.95473074913025,,2,3
SfePy_dg_advection_flux,example,0.9569597069597069,0.9523809523809523,0.9615384615384616,39,40,0,17,113.61320853233337,1,2,3
SfePy_elastic_strain_energy,example,0.5272727272727272,0.6,0.45454545454545453,36,45,0,19,107.55109596252441,,2,3
SfePy_laplace_dirichlet,example,0.7406832298136645,0.6956521739130435,0.7857142857142857,55,66,0,17,109.32418370246887,6,2,3
SfePy_material_coefficient,example,0.6833333333333333,0.6666666666666666,0.7,54,59,0,14,119.7676088809967,1,2,3
SfePy_mesh_refinement_indicator,example,1.0,1.0,1.0,0,0,0,,,,2,3
SfePy_piezoelectric_coupling,example,0.7333333333333334,0.6666666666666666,0.8,15,17,0,23,109.70345115661621,4,2,3
SfePy_residual_convergence,example,0.9112388250319285,0.896551724137931,0.9259259259259259,35,35,0,15,102.07765030860901,2,2,3
SfePyExtra_contact_penalty,example,1.0,1.0,1.0,0,0,0,,,,1,2
SfePyExtra_dof_map,example,1.0,1.0,1.0,98,100,0,10,50.63684582710266,31,1,2
SfePyExtra_element_quality,example,1.0,1.0,1.0,20,20,0,10,57.4841685295105,23,1,2
SfePyExtra_material_update,example,1.0,1.0,1.0,0,0,0,,,,1,2
SfePyExtra_newton_status,example,0.8700980392156863,0.8235294117647058,0.9166666666666666,36,36,0,18,120.5486512184143,2,1,2
SfePyExtra_quadrature_order,example,1.0,1.0,1.0,0,0,0,,,,1,2
SfePyExtra_region_selector,example,1.0,1.0,1.0,39,39,0,20,91.34321522712708,1,1,2
SfePyExtra_tensor_symmetry,example,0.898989898989899,0.8888888888888888,0.9090909090909091,85,92,0,23,117.61410212516785,14,1,2
solve_equation1,example,0.2094017094017094,0.1111111111111111,0.3076923076923077,262,262,100,50,268.43423891067505,,1,2
solve_equation2,example,0.16666666666666669,0.1,0.23333333333333334,23,46,0,58,435.3730068206787,1,1,2
SparseFiniteDifferenceSolver,example,0.987012987012987,0.974025974025974,1.0,0,0,0,,,,11,12
TBCExtra_cholesky_check,example,1.0,1.0,1.0,28,28,0,10,67.57484269142151,16,1,2
TBCExtra_integral_rule,example,1.0,1.0,1.0,36,36,0,10,65.48682260513306,1,1,2
TBCExtra_lu_diagonal,example,1.0,1.0,1.0,0,0,0,,,,1,4
TBCExtra_matrix_condition,example,0.8944444444444444,0.8888888888888888,0.9,42,42,0,21,116.91586327552795,2,1,2
TBCExtra_pivot_strategy,example,0.31493506493506496,0.2727272727272727,0.35714285714285715,124,134,0,18,111.46245431900024,,1,2
TBCExtra_root_bracket,example,1.0,1.0,1.0,0,0,0,,,,1,2
TBCExtra_step_controller,example,1.0,1.0,1.0,16,16,0,10,76.56973934173584,12,1,2
TBCExtra_vector_norm,example,0.8492063492063492,0.8095238095238095,0.8888888888888888,24,24,0,15,112.41465425491333,3,1,5
VectorCalculator1,example,0.9,0.8,1.0,490,560,0,70,302.42815685272217,,1,2
VectorCalculator2,example,1.0,1.0,1.0,0,0,0,,,,1,2
VectorCalculator3,example,1.0,1.0,1.0,0,0,0,,,,1,2
VectorCalculator4,example,1.0,1.0,1.0,34,44,0,10,39.435070514678955,2,1,2
