program,example_branch_cover_pct,notes,coverup_branch_numeric,coverup_valid_numeric
2DJacobiPoissonSolver,100.00,2DJacobiPoissonSolver	100.00 | OK,100.00,1
AlgoExtra_arithmetic_is_arithmetic_series_047,100.00,AlgoExtra_arithmetic_is_arithmetic_series_047	100.00 | OK,100.00,1
AlgoExtra_bailey_borwein_plouffe_bailey_borwein_plouffe_056,100.00,AlgoExtra_bailey_borwein_plouffe_bailey_borwein_plouffe_056	100.00 | OK,100.00,1
AlgoExtra_basic_maths_number_of_divisors_046,69.15,AlgoExtra_basic_maths_number_of_divisors_046	69.15 | OK,69.15,1
AlgoExtra_basic_maths_prime_factors_048,69.15,AlgoExtra_basic_maths_prime_factors_048	69.15 | OK,69.15,1
AlgoExtra_basic_maths_sum_of_divisors_026,100.00,AlgoExtra_basic_maths_sum_of_divisors_026	100.00 | OK,100.00,1
AlgoExtra_binomial_coefficient_binomial_coefficient_034,100.00,AlgoExtra_binomial_coefficient_binomial_coefficient_034	100.00 | OK,100.00,1
AlgoExtra_binomial_distribution_binomial_distribution_028,100.00,AlgoExtra_binomial_distribution_binomial_distribution_028	100.00 | OK,100.00,1
AlgoExtra_bisection_bisection_023,100.00,AlgoExtra_bisection_bisection_023	100.00 | OK,100.00,1
AlgoExtra_bisection_interval_replacement,3.85,AlgoExtra_bisection_interval_replacement	3.85 | PYTEST_FAIL |  | no tests ran in 0.05s | ,3.85,1
AlgoExtra_casimir_effect_casimir_force_012,94.59,AlgoExtra_casimir_effect_casimir_force_012	94.59 | OK,94.59,1
AlgoExtra_count_negative_numbers_in_sorted_matrix_find_negative_index_021,100.00,AlgoExtra_count_negative_numbers_in_sorted_matrix_find_negative_index_021	100.00 | OK,100.00,1
AlgoExtra_cramers_rule_2x2_cramers_rule_2x2_031,100.00,AlgoExtra_cramers_rule_2x2_cramers_rule_2x2_031	100.00 | OK,100.00,1
AlgoExtra_entropy_calculate_prob_032,100.00,AlgoExtra_entropy_calculate_prob_032	100.00 | OK,100.00,1
AlgoExtra_eulers_totient_totient_044,96.15,AlgoExtra_eulers_totient_totient_044	96.15 | OK,96.15,1
AlgoExtra_extended_euclidean_algorithm_extended_euclidean_algorithm_035,100.00,AlgoExtra_extended_euclidean_algorithm_extended_euclidean_algorithm_035	100.00 | OK,100.00,1
AlgoExtra_factors_factors_of_a_number_049,100.00,AlgoExtra_factors_factors_of_a_number_049	100.00 | OK,100.00,1
AlgoExtra_find_max_find_max_recursive_037,100.00,AlgoExtra_find_max_find_max_recursive_037	100.00 | OK,100.00,1
AlgoExtra_find_min_find_min_recursive_038,100.00,AlgoExtra_find_min_find_min_recursive_038	100.00 | OK,100.00,1
AlgoExtra_gamma_gamma_recursive_036,100.00,AlgoExtra_gamma_gamma_recursive_036	100.00 | OK,100.00,1
AlgoExtra_gaussian_elimination_pivoting_solve_linear_system_006,100.00,AlgoExtra_gaussian_elimination_pivoting_solve_linear_system_006	100.00 | OK,100.00,1
AlgoExtra_geometric_is_geometric_series_024,100.00,AlgoExtra_geometric_is_geometric_series_024	100.00 | OK,100.00,1
AlgoExtra_geometric_mean_compute_geometric_mean_014,96.00,AlgoExtra_geometric_mean_compute_geometric_mean_014	96.00 | OK,96.00,1
AlgoExtra_hamming_numbers_hamming_041,100.00,AlgoExtra_hamming_numbers_hamming_041	100.00 | OK,100.00,1
AlgoExtra_hardy_ramanujanalgo_exact_prime_factor_count_027,100.00,AlgoExtra_hardy_ramanujanalgo_exact_prime_factor_count_027	100.00 | OK,100.00,1
AlgoExtra_harmonic_is_harmonic_series_010,100.00,AlgoExtra_harmonic_is_harmonic_series_010	100.00 | OK,100.00,1
AlgoExtra_harshad_numbers_int_to_base_039,100.00,AlgoExtra_harshad_numbers_int_to_base_039	100.00 | OK,100.00,1
AlgoExtra_horizontal_projectile_motion_check_args_051,89.19,AlgoExtra_horizontal_projectile_motion_check_args_051	89.19 | OK,89.19,1
AlgoExtra_integer_square_root_integer_square_root_018,100.00,AlgoExtra_integer_square_root_integer_square_root_018	100.00 | OK,100.00,1
AlgoExtra_is_ip_v4_address_valid_is_ip_v4_address_valid_033,100.00,AlgoExtra_is_ip_v4_address_valid_is_ip_v4_address_valid_033	100.00 | OK,100.00,1
AlgoExtra_jaccard_similarity_jaccard_similarity_016,100.00,AlgoExtra_jaccard_similarity_jaccard_similarity_016	100.00 | OK,100.00,1
AlgoExtra_lu_decomposition_lower_upper_decomposition_030,100.00,AlgoExtra_lu_decomposition_lower_upper_decomposition_030	100.00 | OK,100.00,1
AlgoExtra_matrix_bandwidth_replacement,100.00,AlgoExtra_matrix_bandwidth_replacement	100.00 | OK,100.00,1
AlgoExtra_matrix_based_game_find_repeat_045,99.28,AlgoExtra_matrix_based_game_find_repeat_045	99.28 | OK,99.28,1
AlgoExtra_matrix_based_game_move_y_029,99.28,AlgoExtra_matrix_based_game_move_y_029	99.28 | OK,99.28,1
AlgoExtra_matrix_equalization_array_equalization_040,100.00,AlgoExtra_matrix_equalization_array_equalization_040	100.00 | OK,100.00,1
AlgoExtra_matrix_multiplication_recursion_matrix_multiply_recursive_017,100.00,AlgoExtra_matrix_multiplication_recursion_matrix_multiply_recursive_017	100.00 | OK,100.00,1
AlgoExtra_newton_raphson_newton_raphson_055,18.52,AlgoExtra_newton_raphson_newton_raphson_055	18.52 | OK,18.52,1
AlgoExtra_newtons_law_of_gravitation_gravitational_law_007,95.12,AlgoExtra_newtons_law_of_gravitation_gravitational_law_007	95.12 | OK,95.12,1
AlgoExtra_pascal_triangle_generate_pascal_triangle_optimized_057,95.60,"AlgoExtra_pascal_triangle_generate_pascal_triangle_optimized_057	95.60 | PYTEST_FAIL | ............F                                                            [100%] | =========================== short test summary info =========================== | FAILED coverup/result_4o/tests/test_coverup_6.py::test_print_pascal_triangle | 1 failed, 12 passed in 0.90s | ",95.60,1
AlgoExtra_perfect_cube_perfect_cube_binary_search_043,100.00,AlgoExtra_perfect_cube_perfect_cube_binary_search_043	100.00 | OK,100.00,1
AlgoExtra_pi_generator_calculate_pi_054,97.67,AlgoExtra_pi_generator_calculate_pi_054	97.67 | OK,97.67,1
AlgoExtra_pollard_rho_pollard_rho_011,100.00,AlgoExtra_pollard_rho_pollard_rho_011	100.00 | OK,100.00,1
AlgoExtra_polynomial_degree_replacement,100.00,AlgoExtra_polynomial_degree_replacement	100.00 | OK,100.00,1
AlgoExtra_power_iteration_power_iteration_015,98.33,AlgoExtra_power_iteration_power_iteration_015	98.33 | OK,98.33,1
AlgoExtra_prime_gap_classifier_replacement,4.35,AlgoExtra_prime_gap_classifier_replacement	4.35 | PYTEST_FAIL |  | no tests ran in 0.05s | ,4.35,1
AlgoExtra_proth_number_proth_019,100.00,AlgoExtra_proth_number_proth_019	100.00 | OK,100.00,1
AlgoExtra_rank_of_matrix_rank_of_matrix_009,100.00,AlgoExtra_rank_of_matrix_rank_of_matrix_009	100.00 | OK,100.00,1
AlgoExtra_segmented_sieve_sieve_003,100.00,AlgoExtra_segmented_sieve_sieve_003	100.00 | OK,100.00,1
AlgoExtra_shear_stress_shear_stress_022,100.00,AlgoExtra_shear_stress_shear_stress_022	100.00 | OK,100.00,1
AlgoExtra_sieve_of_eratosthenes_prime_sieve_013,100.00,AlgoExtra_sieve_of_eratosthenes_prime_sieve_013	100.00 | OK,100.00,1
AlgoExtra_simultaneous_linear_equation_solver_simplify_008,95.45,AlgoExtra_simultaneous_linear_equation_solver_simplify_008	95.45 | OK,95.45,1
AlgoExtra_simultaneous_linear_equation_solver_solve_simultaneous_001,95.45,AlgoExtra_simultaneous_linear_equation_solver_solve_simultaneous_001	95.45 | OK,95.45,1
AlgoExtra_solovay_strassen_primality_test_jacobi_symbol_020,100.00,AlgoExtra_solovay_strassen_primality_test_jacobi_symbol_020	100.00 | OK,100.00,1
AlgoExtra_solovay_strassen_primality_test_solovay_strassen_042,100.00,AlgoExtra_solovay_strassen_primality_test_solovay_strassen_042	100.00 | OK,100.00,1
AlgoExtra_three_sum_three_sum_005,100.00,AlgoExtra_three_sum_three_sum_005	100.00 | OK,100.00,1
AlgoExtra_triplet_sum_triplet_sum2_050,85.42,AlgoExtra_triplet_sum_triplet_sum2_050	85.42 | OK,85.42,1
AlgoExtra_vector_projection_replacement,100.00,AlgoExtra_vector_projection_replacement	100.00 | OK,100.00,1
AlgoExtra_weierstrass_method_weierstrass_method_053,100.00,AlgoExtra_weierstrass_method_weierstrass_method_053	100.00 | OK,100.00,1
AlgoExtra_weird_number_semi_perfect_025,100.00,AlgoExtra_weird_number_semi_perfect_025	100.00 | OK,100.00,1
CG_general,14.93,CG_general	14.93 | OK,14.93,1
CodaCover_ansible_mathstuff,100.00,CodaCover_ansible_mathstuff	100.00 | OK,100.00,1
CodaCover_ansible_stats,100.00,CodaCover_ansible_stats	100.00 | OK,100.00,1
CodaCover_flutes_math,100.00,CodaCover_flutes_math	100.00 | OK,100.00,1
CodaCover_keras_activations,100.00,CodaCover_keras_activations	100.00 | OK,100.00,1
CodaCover_keras_losses,100.00,CodaCover_keras_losses	100.00 | OK,100.00,1
CodaCover_matplotlib_bezier,100.00,CodaCover_matplotlib_bezier	100.00 | OK,100.00,1
CodaCover_matplotlib_colors,100.00,CodaCover_matplotlib_colors	100.00 | OK,100.00,1
CodaCover_matplotlib_scale,100.00,CodaCover_matplotlib_scale	100.00 | OK,100.00,1
CodaCover_matplotlib_ticker,97.96,CodaCover_matplotlib_ticker	97.96 | OK,97.96,1
CodaCover_matplotlib_transform,100.00,CodaCover_matplotlib_transform	100.00 | OK,100.00,1
CodaCover_matplotlib_triangles,100.00,CodaCover_matplotlib_triangles	100.00 | OK,100.00,1
CodaCover_mimesis_random,100.00,CodaCover_mimesis_random	100.00 | OK,100.00,1
CodaCover_pandas_algorithms,100.00,CodaCover_pandas_algorithms	100.00 | OK,100.00,1
CodaCover_pandas_interval,100.00,CodaCover_pandas_interval	100.00 | OK,100.00,1
CodaCover_pandas_nanops,100.00,CodaCover_pandas_nanops	100.00 | OK,100.00,1
CodaCover_pandas_numeric_array,100.00,CodaCover_pandas_numeric_array	100.00 | OK,100.00,1
CodaCover_pandas_tile,100.00,CodaCover_pandas_tile	100.00 | OK,100.00,1
CodaCover_pypara_numbers,100.00,CodaCover_pypara_numbers	100.00 | OK,100.00,1
CodaCover_scipy_sparse_shape,100.00,CodaCover_scipy_sparse_shape	100.00 | OK,100.00,1
CodaCover_scipy_stats_basic,100.00,CodaCover_scipy_stats_basic	100.00 | OK,100.00,1
CodaExtra_activation_branch,100.00,CodaExtra_activation_branch	100.00 | OK,100.00,1
CodaExtra_bezier_flatness,5.88,CodaExtra_bezier_flatness	5.88 | PYTEST_FAIL |  | no tests ran in 0.04s | ,5.88,1
CodaExtra_color_scale_numeric,100.00,CodaExtra_color_scale_numeric	100.00 | OK,100.00,1
CodaExtra_interval_overlap,100.00,CodaExtra_interval_overlap	100.00 | OK,100.00,1
CodaExtra_nan_policy,100.00,CodaExtra_nan_policy	100.00 | OK,100.00,1
CodaExtra_numeric_tile,100.00,CodaExtra_numeric_tile	100.00 | OK,100.00,1
CodaExtra_random_choice_weight,4.00,CodaExtra_random_choice_weight	4.00 | PYTEST_FAIL |  | no tests ran in 0.05s | ,4.00,1
CodaExtra_tick_locator,100.00,CodaExtra_tick_locator	100.00 | OK,100.00,1
EigenvalueSolvers,82.98,EigenvalueSolvers	82.98 | OK,82.98,1
FiPyExtra_boundary_mask,100.00,FiPyExtra_boundary_mask	100.00 | OK,100.00,1
FiPyExtra_coefficient_shape,100.00,FiPyExtra_coefficient_shape	100.00 | OK,100.00,1
FiPyExtra_diffusion_tensor,100.00,FiPyExtra_diffusion_tensor	100.00 | OK,100.00,1
FiPyExtra_face_gradient,100.00,FiPyExtra_face_gradient	100.00 | OK,100.00,1
FiPyExtra_mesh_spacing_quality,100.00,FiPyExtra_mesh_spacing_quality	100.00 | OK,100.00,1
FiPyExtra_source_balance,100.00,FiPyExtra_source_balance	100.00 | OK,100.00,1
FiPyExtra_term_underrelax,100.00,FiPyExtra_term_underrelax	100.00 | OK,100.00,1
FiPyExtra_variable_constraint,100.00,FiPyExtra_variable_constraint	100.00 | OK,100.00,1
FiPy_boundary_conditions,89.19,FiPy_boundary_conditions	89.19 | OK,89.19,1
FiPy_cahn_hilliard_potential,100.00,FiPy_cahn_hilliard_potential	100.00 | OK,100.00,1
FiPy_chemotaxis_update,100.00,FiPy_chemotaxis_update	100.00 | OK,100.00,1
FiPy_convection_upwind,100.00,FiPy_convection_upwind	100.00 | OK,100.00,1
FiPy_diffusion_steady_state,100.00,FiPy_diffusion_steady_state	100.00 | OK,100.00,1
FiPy_level_set_distance,100.00,FiPy_level_set_distance	100.00 | OK,100.00,1
FiPy_mesh_spacing,100.00,FiPy_mesh_spacing	100.00 | OK,100.00,1
FiPy_phase_anisotropy,100.00,FiPy_phase_anisotropy	100.00 | OK,100.00,1
FiPy_residual_norm,100.00,FiPy_residual_norm	100.00 | OK,100.00,1
FiPy_source_term_balance,100.00,FiPy_source_term_balance	100.00 | OK,100.00,1
GaussianElimination1,100.00,GaussianElimination1	100.00 | OK,100.00,1
GaussianElimination2,?,GaussianElimination2	? | PYTEST_FAIL |  | no tests ran in 0.06s | Couldn't use data file 'D:\\ANONYMOUS_USER\\pycharm\\BCBT\\scientific_calculation\\GaussianElimination2\\coverup\\result_4o\\.coverage_61720_1778651688573826000': unable to open database file | ,0.00,0
GaussianElimination3,100.00,GaussianElimination3	100.00 | OK,100.00,1
LUDecompositionSolver,48.94,LUDecompositionSolver	48.94 | OK,48.94,1
LeastSquareFitting1,100.00,LeastSquareFitting1	100.00 | OK,100.00,1
LeastSquareFitting2,100.00,LeastSquareFitting2	100.00 | OK,100.00,1
LeastSquareFitting3,100.00,LeastSquareFitting3	100.00 | OK,100.00,1
Linear_equation1,100.00,Linear_equation1	100.00 | OK,100.00,1
Linear_equation2,95.83,Linear_equation2	95.83 | OK,95.83,1
Linear_equation3,96.83,Linear_equation3	96.83 | OK,96.83,1
Linear_equation4,21.43,Linear_equation4	21.43 | PYTEST_FAIL |  | no tests ran in 0.04s | ,21.43,1
Linear_equation5,54.55,Linear_equation5	54.55 | OK,54.55,1
Linear_equation6,94.55,Linear_equation6	94.55 | OK,94.55,1
MatrixExponential1,100.00,MatrixExponential1	100.00 | OK,100.00,1
MatrixExponential2,100.00,MatrixExponential2	100.00 | OK,100.00,1
MatrixExponential3,100.00,MatrixExponential3	100.00 | OK,100.00,1
NumPy_arraysetops_unique,100.00,NumPy_arraysetops_unique	100.00 | OK,100.00,1
NumPy_arrayterator_slice,100.00,NumPy_arrayterator_slice	100.00 | OK,100.00,1
NumPy_covariance_helper,100.00,NumPy_covariance_helper	100.00 | OK,100.00,1
NumPy_histogram_edges,100.00,NumPy_histogram_edges	100.00 | OK,100.00,1
NumPy_iotools_converter,46.51,NumPy_iotools_converter	46.51 | OK,46.51,1
NumPy_masked_mean_var,100.00,NumPy_masked_mean_var	100.00 | OK,100.00,1
NumPy_nanfunctions_remove,100.00,NumPy_nanfunctions_remove	100.00 | OK,100.00,1
NumPy_pad_pairs,100.00,NumPy_pad_pairs	100.00 | OK,100.00,1
NumPy_polynomial_format,100.00,NumPy_polynomial_format	100.00 | OK,100.00,1
NumPy_quantile_validate,100.00,NumPy_quantile_validate	100.00 | OK,100.00,1
NumPy_twodim_diag,100.00,NumPy_twodim_diag	100.00 | OK,100.00,1
NumPy_version_compare,100.00,NumPy_version_compare	100.00 | OK,100.00,1
NumericalExtra_4th_order_runge_kutta_runge_method_010,100.00,NumericalExtra_4th_order_runge_kutta_runge_method_010	100.00 | OK,100.00,1
NumericalExtra_GECP_gaussian_elimination_complete_pivoting_001,16.07,NumericalExtra_GECP_gaussian_elimination_complete_pivoting_001	16.07 | OK,16.07,1
NumericalExtra_Gram_Schmidt_QR_gram_schmidt_factorization_006,100.00,NumericalExtra_Gram_Schmidt_QR_gram_schmidt_factorization_006	100.00 | OK,100.00,1
NumericalExtra_bisection_bisection_003,8.70,NumericalExtra_bisection_bisection_003	8.70 | PYTEST_FAIL |  | no tests ran in 0.05s | ,8.70,1
NumericalExtra_guass_seidel_gauss_seidel_002,100.00,NumericalExtra_guass_seidel_gauss_seidel_002	100.00 | OK,100.00,1
NumericalExtra_householder_qr_decomposition_householder_qr_decomposition_009,100.00,NumericalExtra_householder_qr_decomposition_householder_qr_decomposition_009	100.00 | OK,100.00,1
NumericalExtra_jacobi_jacobi_005,100.00,NumericalExtra_jacobi_jacobi_005	100.00 | OK,100.00,1
NumericalExtra_lagrange_interpolation_lagrange_interpolation_008,100.00,NumericalExtra_lagrange_interpolation_lagrange_interpolation_008	100.00 | OK,100.00,1
NumericalExtra_newton_divided_difference_divided_diff_004,100.00,NumericalExtra_newton_divided_difference_divided_diff_004	100.00 | OK,100.00,1
NumericalExtra_quadrature_error_replacement,100.00,NumericalExtra_quadrature_error_replacement	100.00 | OK,100.00,1
NumericalExtra_secant_step_replacement,4.17,NumericalExtra_secant_step_replacement	4.17 | PYTEST_FAIL |  | no tests ran in 0.05s | ,4.17,1
ODEPDEExtra_adaptive_time_step,100.00,ODEPDEExtra_adaptive_time_step	100.00 | OK,100.00,1
ODEPDEExtra_burgers_shock_flux,100.00,ODEPDEExtra_burgers_shock_flux	100.00 | OK,100.00,1
ODEPDEExtra_cfl_multiphysics,100.00,ODEPDEExtra_cfl_multiphysics	100.00 | OK,100.00,1
ODEPDEExtra_conservation_balance,100.00,ODEPDEExtra_conservation_balance	100.00 | OK,100.00,1
ODEPDEExtra_elliptic_boundary_class,100.00,ODEPDEExtra_elliptic_boundary_class	100.00 | OK,100.00,1
ODEPDEExtra_heat_boundary_update,100.00,ODEPDEExtra_heat_boundary_update	100.00 | OK,100.00,1
ODEPDEExtra_poisson_residual_norm,100.00,ODEPDEExtra_poisson_residual_norm	100.00 | OK,100.00,1
ODEPDEExtra_reaction_diffusion_regime,100.00,ODEPDEExtra_reaction_diffusion_regime	100.00 | OK,100.00,1
ODEPDEExtra_runge_kutta_event,100.00,ODEPDEExtra_runge_kutta_event	100.00 | OK,100.00,1
ODEPDEExtra_wave_energy_state,54.55,ODEPDEExtra_wave_energy_state	54.55 | OK,54.55,1
PDEBench_advection_step,100.00,PDEBench_advection_step	100.00 | OK,100.00,1
PDEBench_boundary_selector,100.00,PDEBench_boundary_selector	100.00 | OK,100.00,1
PDEBench_burgers_flux,100.00,PDEBench_burgers_flux	100.00 | OK,100.00,1
PDEBench_cfl_condition,100.00,PDEBench_cfl_condition	100.00 | OK,100.00,1
PDEBench_diffusion_step,100.00,PDEBench_diffusion_step	100.00 | OK,100.00,1
PDEBench_grid_initializer,100.00,PDEBench_grid_initializer	100.00 | OK,100.00,1
PDEBench_reaction_diffusion_update,100.00,PDEBench_reaction_diffusion_update	100.00 | OK,100.00,1
PDEBench_residual_error,100.00,PDEBench_residual_error	100.00 | OK,100.00,1
PDEExtra_advection_limiter,100.00,PDEExtra_advection_limiter	100.00 | OK,100.00,1
PDEExtra_boundary_stencil,100.00,PDEExtra_boundary_stencil	100.00 | OK,100.00,1
PDEExtra_cfl_classifier,4.17,PDEExtra_cfl_classifier	4.17 | PYTEST_FAIL |  | no tests ran in 0.04s | ,4.17,1
PDEExtra_grid_refine,100.00,PDEExtra_grid_refine	100.00 | OK,100.00,1
PDEExtra_poisson_relax,100.00,PDEExtra_poisson_relax	100.00 | OK,100.00,1
PDEExtra_reaction_source,100.00,PDEExtra_reaction_source	100.00 | OK,100.00,1
PDEExtra_residual_stop,100.00,PDEExtra_residual_stop	100.00 | OK,100.00,1
PDEExtra_shock_sensor,100.00,PDEExtra_shock_sensor	100.00 | OK,100.00,1
Runge_Kutta,100.00,Runge_Kutta	100.00 | PYTEST_FAIL | The value of y( 20 ) is: -485157734.1655482 |  | no tests ran in 0.04s | ,100.00,1
SciPy_binned_statistic_edges,100.00,SciPy_binned_statistic_edges	100.00 | OK,100.00,1
SciPy_chandrupatla_validate,57.58,SciPy_chandrupatla_validate	57.58 | OK,57.58,1
SciPy_continued_fraction,95.00,SciPy_continued_fraction	95.00 | OK,95.00,1
SciPy_cubic_boundary,100.00,SciPy_cubic_boundary	100.00 | OK,100.00,1
SciPy_finite_difference_derivative,100.00,SciPy_finite_difference_derivative	100.00 | OK,100.00,1
SciPy_group_columns_sparse,55.26,SciPy_group_columns_sparse	55.26 | OK,55.26,1
SciPy_huber_loss,100.00,SciPy_huber_loss	100.00 | OK,100.00,1
SciPy_linalg_toeplitz_validate,100.00,SciPy_linalg_toeplitz_validate	100.00 | OK,100.00,1
SciPy_optimize_bounds,100.00,SciPy_optimize_bounds	100.00 | OK,100.00,1
SciPy_signal_chirp_phase,100.00,SciPy_signal_chirp_phase	100.00 | OK,100.00,1
SciPy_sparse_norm,100.00,SciPy_sparse_norm	100.00 | OK,100.00,1
SciPy_wilcoxon_rank,100.00,SciPy_wilcoxon_rank	100.00 | OK,100.00,1
SfePyExtra_contact_penalty,100.00,SfePyExtra_contact_penalty	100.00 | OK,100.00,1
SfePyExtra_dof_map,100.00,SfePyExtra_dof_map	100.00 | OK,100.00,1
SfePyExtra_element_quality,90.00,SfePyExtra_element_quality	90.00 | OK,90.00,1
SfePyExtra_material_update,100.00,SfePyExtra_material_update	100.00 | OK,100.00,1
SfePyExtra_newton_status,100.00,SfePyExtra_newton_status	100.00 | OK,100.00,1
SfePyExtra_quadrature_order,100.00,SfePyExtra_quadrature_order	100.00 | OK,100.00,1
SfePyExtra_region_selector,100.00,SfePyExtra_region_selector	100.00 | OK,100.00,1
SfePyExtra_tensor_symmetry,100.00,SfePyExtra_tensor_symmetry	100.00 | OK,100.00,1
SfePy_axisymmetric_stress,100.00,SfePy_axisymmetric_stress	100.00 | OK,100.00,1
SfePy_biot_coupling,100.00,SfePy_biot_coupling	100.00 | OK,100.00,1
SfePy_boundary_region_selector,100.00,SfePy_boundary_region_selector	100.00 | OK,100.00,1
SfePy_dg_advection_flux,100.00,SfePy_dg_advection_flux	100.00 | OK,100.00,1
SfePy_elastic_strain_energy,100.00,SfePy_elastic_strain_energy	100.00 | OK,100.00,1
SfePy_laplace_dirichlet,100.00,SfePy_laplace_dirichlet	100.00 | OK,100.00,1
SfePy_material_coefficient,100.00,SfePy_material_coefficient	100.00 | OK,100.00,1
SfePy_mesh_refinement_indicator,100.00,SfePy_mesh_refinement_indicator	100.00 | OK,100.00,1
SfePy_piezoelectric_coupling,100.00,SfePy_piezoelectric_coupling	100.00 | OK,100.00,1
SfePy_residual_convergence,100.00,SfePy_residual_convergence	100.00 | OK,100.00,1
SparseFiniteDifferenceSolver,78.73,SparseFiniteDifferenceSolver	78.73 | OK,78.73,1
TBCExtra_cholesky_check,100.00,TBCExtra_cholesky_check	100.00 | OK,100.00,1
TBCExtra_integral_rule,100.00,TBCExtra_integral_rule	100.00 | OK,100.00,1
TBCExtra_lu_diagonal,100.00,TBCExtra_lu_diagonal	100.00 | OK,100.00,1
TBCExtra_matrix_condition,100.00,TBCExtra_matrix_condition	100.00 | OK,100.00,1
TBCExtra_pivot_strategy,9.09,TBCExtra_pivot_strategy	9.09 | PYTEST_FAIL |  | no tests ran in 0.04s | ,9.09,1
TBCExtra_root_bracket,100.00,TBCExtra_root_bracket	100.00 | OK,100.00,1
TBCExtra_step_controller,100.00,TBCExtra_step_controller	100.00 | OK,100.00,1
TBCExtra_vector_norm,100.00,TBCExtra_vector_norm	100.00 | OK,100.00,1
Trapezoidal Rule,100.00,Trapezoidal Rule	100.00 | OK,100.00,1
VectorCalculator1,100.00,VectorCalculator1	100.00 | OK,100.00,1
VectorCalculator2,100.00,VectorCalculator2	100.00 | OK,100.00,1
VectorCalculator3,100.00,VectorCalculator3	100.00 | OK,100.00,1
VectorCalculator4,100.00,VectorCalculator4	100.00 | OK,100.00,1
euler_diffusion,100.00,euler_diffusion	100.00 | OK,100.00,1
integrator1,71.34,"integrator1	71.34 | PYTEST_FAIL | ................F............................                            [100%] | =========================== short test summary info =========================== | FAILED coverup/result_4o/tests/test_coverup_14.py::test_trap_d_multiple_points | 1 failed, 44 passed in 0.79s | ",71.34,1
integrator2,100.00,integrator2	100.00 | OK,100.00,1
integrator3,91.30,integrator3	91.30 | OK,91.30,1
integrator4,100.00,integrator4	100.00 | OK,100.00,1
integrator5,100.00,integrator5	100.00 | OK,100.00,1
integrator6,13.04,integrator6	13.04 | OK,13.04,1
qr_decomposition,100.00,qr_decomposition	100.00 | PYTEST_FAIL | q: |  [[-0.857143  0.394286  0.331429] |  [-0.428571 -0.902857 -0.034286] |  [ 0.285714 -0.171429  0.942857]] | r: |  [[ -14.  -21.   14.] |  [   0. -175.   70.] |  [   0.   -0.  -35.]] |  | polyfit: |  [1. 2. 3.] |  | no tests ran in 0.05s | ,100.00,1
solve_equation1,89.47,solve_equation1	89.47 | OK,89.47,1
solve_equation2,12.50,solve_equation2	12.50 | PYTEST_FAIL |  | no tests ran in 0.04s | ,12.50,1
